station_id,station_name,line,layer,station_lat,station_lon,geometry
0,GREENBUSH,COMMUTER RAIL,TRAIN_NODES,42.17779879866329,-70.74656682979789,POINT (-70.74656682979789 42.17779879866329)
1,WACHUSETT,COMMUTER RAIL,TRAIN_NODES,42.55356363801657,-71.84876354052662,POINT (-71.84876354052662 42.55356363801657)
2,BRADFORD,COMMUTER RAIL,TRAIN_NODES,42.76872645793275,-71.08655077036804,POINT (-71.08655077036804 42.76872645793275)
3,LAWRENCE,COMMUTER RAIL,TRAIN_NODES,42.70177357612105,-71.15169161976846,POINT (-71.15169161976846 42.70177357612105)
4,SOUTH STATION,COMMUTER RAIL,TRAIN_NODES,42.35146256050215,-71.05496026071819,POINT (-71.05496026071819 42.35146256050215)
5,BOSTON LANDING,COMMUTER RAIL,TRAIN_NODES,42.3571481228762,-71.13912838631244,POINT (-71.13912838631244 42.3571481228762)
6,NORTH STATION,COMMUTER RAIL,TRAIN_NODES,42.366286480448736,-71.06227059811692,POINT (-71.06227059811692 42.36628648044874)
7,EAST WEYMOUTH,COMMUTER RAIL,TRAIN_NODES,42.21939938522992,-70.92171885079512,POINT (-70.92171885079512 42.21939938522992)
8,CHELSEA,COMMUTER RAIL,TRAIN_NODES,42.39546344317493,-71.03344161189011,POINT (-71.03344161189011 42.39546344317493)
9,WALPOLE,COMMUTER RAIL,TRAIN_NODES,42.1453185322529,-71.25813107419992,POINT (-71.25813107419992 42.1453185322529)
10,ROWLEY,COMMUTER RAIL,TRAIN_NODES,42.72501905345048,-70.85854974989181,POINT (-70.85854974989181 42.72501905345048)
11,SALEM,COMMUTER RAIL,TRAIN_NODES,42.523961763512816,-70.89598189962496,POINT (-70.89598189962496 42.52396176351282)
12,SWAMPSCOTT,COMMUTER RAIL,TRAIN_NODES,42.474242299600974,-70.9216836286271,POINT (-70.92168362862709 42.47424229960097)
13,RIVER WORKS,COMMUTER RAIL,TRAIN_NODES,42.449798235425426,-70.96976717652744,POINT (-70.96976717652744 42.44979823542543)
14,ASHLAND,COMMUTER RAIL,TRAIN_NODES,42.26101471034394,-71.47611740477383,POINT (-71.47611740477383 42.26101471034394)
15,SOUTHBOROUGH,COMMUTER RAIL,TRAIN_NODES,42.267141797376524,-71.52384475368306,POINT (-71.52384475368306 42.26714179737652)
16,WESTBOROUGH,COMMUTER RAIL,TRAIN_NODES,42.26926792274833,-71.64860082559177,POINT (-71.64860082559177 42.26926792274833)
17,GRAFTON,COMMUTER RAIL,TRAIN_NODES,42.24712682984265,-71.68461427716244,POINT (-71.68461427716244 42.24712682984265)
18,IPSWICH,COMMUTER RAIL,TRAIN_NODES,42.67687055875716,-70.84060167313967,POINT (-70.84060167313967 42.67687055875716)
19,ROCKPORT,COMMUTER RAIL,TRAIN_NODES,42.656202328473114,-70.62626003105497,POINT (-70.62626003105497 42.65620232847311)
20,WEST GLOUCESTER,COMMUTER RAIL,TRAIN_NODES,42.61136199874382,-70.706121084162,POINT (-70.70612108416201 42.61136199874382)
21,MONTSERRAT,COMMUTER RAIL,TRAIN_NODES,42.562365472476074,-70.86852599929155,POINT (-70.86852599929155 42.56236547247607)
22,PRIDES CROSSING,COMMUTER RAIL,TRAIN_NODES,42.55950886096413,-70.82502391901399,POINT (-70.82502391901399 42.55950886096413)
23,BEVERLY FARMS,COMMUTER RAIL,TRAIN_NODES,42.561474281753846,-70.81226342908217,POINT (-70.81226342908217 42.56147428175385)
24,MANCHESTER,COMMUTER RAIL,TRAIN_NODES,42.573552589319945,-70.7703859614462,POINT (-70.77038596144619 42.57355258931995)
25,HYDE PARK,COMMUTER RAIL,TRAIN_NODES,42.25519277391744,-71.12546830614595,POINT (-71.12546830614595 42.25519277391744)
26,FOREST HILLS,COMMUTER RAIL,TRAIN_NODES,42.299481894263735,-71.11462266837216,POINT (-71.11462266837216 42.29948189426374)
27,BACK BAY,COMMUTER RAIL,TRAIN_NODES,42.34745890384762,-71.07511743691359,POINT (-71.07511743691359 42.34745890384762)
28,HALIFAX,COMMUTER RAIL,TRAIN_NODES,42.01296970775741,-70.82081137582004,POINT (-70.82081137582004 42.01296970775741)
29,SOUTH WEYMOUTH,COMMUTER RAIL,TRAIN_NODES,42.15415108528381,-70.95272137189261,POINT (-70.95272137189261 42.15415108528381)
30,WHITMAN,COMMUTER RAIL,TRAIN_NODES,42.08297620584417,-70.92362523196837,POINT (-70.92362523196837 42.08297620584417)
31,KINGSTON,COMMUTER RAIL,TRAIN_NODES,41.9763614312266,-70.72383686874555,POINT (-70.72383686874555 41.9763614312266)
32,STOUGHTON,COMMUTER RAIL,TRAIN_NODES,42.12377537285462,-71.10337180700725,POINT (-71.10337180700725 42.12377537285462)
33,FRAMINGHAM,COMMUTER RAIL,TRAIN_NODES,42.27619944491083,-71.4199144142727,POINT (-71.4199144142727 42.27619944491083)
34,WELLESLEY FARMS,COMMUTER RAIL,TRAIN_NODES,42.32217285502088,-71.27254190935896,POINT (-71.27254190935896 42.32217285502088)
35,AUBURNDALE,COMMUTER RAIL,TRAIN_NODES,42.345890885629025,-71.25029006823164,POINT (-71.25029006823164 42.34589088562903)
36,NEWTONVILLE,COMMUTER RAIL,TRAIN_NODES,42.35151015575627,-71.2064682049247,POINT (-71.2064682049247 42.35151015575627)
37,WEST NEWTON,COMMUTER RAIL,TRAIN_NODES,42.347816970333305,-71.2313352512666,POINT (-71.2313352512666 42.34781697033331)
38,WELLESLEY HILLS,COMMUTER RAIL,TRAIN_NODES,42.310981734317764,-71.27686400224826,POINT (-71.27686400224826 42.31098173431776)
39,LANSDOWNE,COMMUTER RAIL,TRAIN_NODES,42.34764666191346,-71.10047894826637,POINT (-71.10047894826637 42.34764666191346)
40,WEST NATICK,COMMUTER RAIL,TRAIN_NODES,42.283205441625874,-71.39145373319968,POINT (-71.39145373319968 42.28320544162587)
41,WELLESLEY SQUARE,COMMUTER RAIL,TRAIN_NODES,42.2971852554619,-71.29494726275176,POINT (-71.29494726275176 42.2971852554619)
42,MELROSE HIGHLANDS,COMMUTER RAIL,TRAIN_NODES,42.46879310805406,-71.06849638922318,POINT (-71.06849638922318 42.46879310805406)
43,MELROSE/CEDAR PARK,COMMUTER RAIL,TRAIN_NODES,42.45915537566635,-71.06990191142631,POINT (-71.06990191142631 42.45915537566635)
44,WAKEFIELD,COMMUTER RAIL,TRAIN_NODES,42.50238131927824,-71.07576890423509,POINT (-71.07576890423509 42.50238131927824)
45,READING,COMMUTER RAIL,TRAIN_NODES,42.523253079905295,-71.11067081252943,POINT (-71.11067081252943 42.5232530799053)
46,NORTH SCITUATE,COMMUTER RAIL,TRAIN_NODES,42.218770564545935,-70.78545281685228,POINT (-70.78545281685228 42.21877056454593)
47,NANTASKET JUNCTION,COMMUTER RAIL,TRAIN_NODES,42.244943480096886,-70.86793745330111,POINT (-70.86793745330111 42.24494348009689)
48,WINCHESTER CENTER,COMMUTER RAIL,TRAIN_NODES,42.452247672832414,-71.13731184444377,POINT (-71.13731184444377 42.45224767283241)
49,WEST MEDFORD,COMMUTER RAIL,TRAIN_NODES,42.42180769584373,-71.13335409103436,POINT (-71.13335409103436 42.42180769584373)
50,NORTH BILLERICA,COMMUTER RAIL,TRAIN_NODES,42.59364703317909,-71.28114955439811,POINT (-71.28114955439811 42.59364703317909)
51,WILMINGTON,COMMUTER RAIL,TRAIN_NODES,42.548097666410314,-71.17559832172465,POINT (-71.17559832172465 42.54809766641031)
52,FRANKLIN/DEAN COLLEGE,COMMUTER RAIL,TRAIN_NODES,42.08266593217523,-71.3969428673494,POINT (-71.3969428673494 42.08266593217523)
53,NORFOLK,COMMUTER RAIL,TRAIN_NODES,42.12053846543391,-71.32538162697047,POINT (-71.32538162697047 42.12053846543391)
54,PLIMPTONVILLE,COMMUTER RAIL,TRAIN_NODES,42.158998442883814,-71.23600811365037,POINT (-71.23600811365037 42.15899844288381)
55,WINDSOR GARDENS,COMMUTER RAIL,TRAIN_NODES,42.171060161600494,-71.22069226341466,POINT (-71.22069226341466 42.17106016160049)
56,MORTON STREET,COMMUTER RAIL,TRAIN_NODES,42.28004918085698,-71.08629574972599,POINT (-71.08629574972599 42.28004918085698)
57,FAIRMOUNT,COMMUTER RAIL,TRAIN_NODES,42.25424830040778,-71.11880343230364,POINT (-71.11880343230364 42.25424830040778)
58,NEWMARKET,COMMUTER RAIL,TRAIN_NODES,42.32749979562001,-71.06564215482982,POINT (-71.06564215482982 42.32749979562001)
59,FOUR CORNERS/GENEVA AVE,COMMUTER RAIL,TRAIN_NODES,42.30478610672133,-71.07719599074503,POINT (-71.07719599074503 42.30478610672133)
60,ENDICOTT,COMMUTER RAIL,TRAIN_NODES,42.23265978451417,-71.16029649208413,POINT (-71.16029649208413 42.23265978451417)
61,NEWBURYPORT,COMMUTER RAIL,TRAIN_NODES,42.79958297032204,-70.87878300484381,POINT (-70.87878300484381 42.79958297032204)
62,HAMILTON/WENHAM,COMMUTER RAIL,TRAIN_NODES,42.61108929007927,-70.87409514435583,POINT (-70.87409514435583 42.61108929007927)
63,NEEDHAM HEIGHTS,COMMUTER RAIL,TRAIN_NODES,42.293184222507264,-71.23605561623971,POINT (-71.23605561623971 42.29318422250726)
64,BRIDGEWATER,COMMUTER RAIL,TRAIN_NODES,41.98408621897094,-70.96457740295797,POINT (-70.96457740295797 41.98408621897094)
65,SHIRLEY,COMMUTER RAIL,TRAIN_NODES,42.54512196723268,-71.6483009294854,POINT (-71.6483009294854 42.54512196723268)
66,ISLINGTON,COMMUTER RAIL,TRAIN_NODES,42.2166955567777,-71.1876098230515,POINT (-71.1876098230515 42.2166955567777)
67,GREENWOOD,COMMUTER RAIL,TRAIN_NODES,42.48295500030012,-71.0673404890077,POINT (-71.06734048900771 42.48295500030012)
68,HANSON,COMMUTER RAIL,TRAIN_NODES,42.04394674263011,-70.8824199465553,POINT (-70.8824199465553 42.04394674263011)
69,ABINGTON,COMMUTER RAIL,TRAIN_NODES,42.1067210032137,-70.93422497761584,POINT (-70.93422497761584 42.1067210032137)
70,SHARON,COMMUTER RAIL,TRAIN_NODES,42.12480455330217,-71.1842842159819,POINT (-71.1842842159819 42.12480455330217)
71,NORWOOD CENTRAL,COMMUTER RAIL,TRAIN_NODES,42.18878272018518,-71.19970353323912,POINT (-71.19970353323912 42.18878272018518)
72,BEVERLY,COMMUTER RAIL,TRAIN_NODES,42.54790793622569,-70.88530473096803,POINT (-70.88530473096803 42.54790793622569)
73,BRAINTREE,COMMUTER RAIL,TRAIN_NODES,42.20829460708952,-71.00136593990844,POINT (-71.00136593990844 42.20829460708952)
74,ATTLEBORO,COMMUTER RAIL,TRAIN_NODES,41.94173172214709,-71.2843398337001,POINT (-71.2843398337001 41.94173172214709)
75,COHASSET,COMMUTER RAIL,TRAIN_NODES,42.244176073296096,-70.83712741484403,POINT (-70.83712741484403 42.2441760732961)
76,WEST HINGHAM,COMMUTER RAIL,TRAIN_NODES,42.23612725176445,-70.90264211217715,POINT (-70.90264211217715 42.23612725176445)
77,FITCHBURG,COMMUTER RAIL,TRAIN_NODES,42.581073508931915,-71.79361194924593,POINT (-71.79361194924593 42.58107350893192)
78,TALBOT AVENUE,COMMUTER RAIL,TRAIN_NODES,42.29246325897736,-71.0782511262178,POINT (-71.07825112621779 42.29246325897736)
79,UPHAMS CORNER,COMMUTER RAIL,TRAIN_NODES,42.31908770123812,-71.06864081098963,POINT (-71.06864081098963 42.31908770123812)
80,READVILLE,COMMUTER RAIL,TRAIN_NODES,42.2378836211423,-71.13323807576303,POINT (-71.13323807576303 42.2378836211423)
81,BLUE HILL AVENUE,COMMUTER RAIL,TRAIN_NODES,42.27143625585188,-71.09581488515508,POINT (-71.09581488515508 42.27143625585188)
82,DEDHAM CORP. CENTER,COMMUTER RAIL,TRAIN_NODES,42.22745595195094,-71.1734631441617,POINT (-71.1734631441617 42.22745595195094)
83,ANDOVER,COMMUTER RAIL,TRAIN_NODES,42.658148028383415,-71.14454072277074,POINT (-71.14454072277074 42.65814802838342)
84,BALLARDVALE,COMMUTER RAIL,TRAIN_NODES,42.626985291897086,-71.15986460186389,POINT (-71.15986460186389 42.62698529189709)
85,FORGE PARK/495,COMMUTER RAIL,TRAIN_NODES,42.089846473263236,-71.43999134938366,POINT (-71.43999134938366 42.08984647326324)
86,GLOUCESTER,COMMUTER RAIL,TRAIN_NODES,42.61670619140711,-70.66581685535273,POINT (-70.66581685535273 42.61670619140711)
87,HAVERHILL,COMMUTER RAIL,TRAIN_NODES,42.77456026597318,-71.08646942663044,POINT (-71.08646942663044 42.77456026597318)
88,LYNN,COMMUTER RAIL,TRAIN_NODES,42.46197533694369,-70.94732925815035,POINT (-70.94732925815035 42.46197533694369)
89,WYOMING HILL,COMMUTER RAIL,TRAIN_NODES,42.452026980797996,-71.069312788607,POINT (-71.06931278860699 42.452026980798)
90,NATICK CENTER,COMMUTER RAIL,TRAIN_NODES,42.28563587557523,-71.347975703966,POINT (-71.347975703966 42.28563587557523)
91,WEYMOUTH LANDING/EAST BRAINTREE,COMMUTER RAIL,TRAIN_NODES,42.22186590871483,-70.96696471125203,POINT (-70.96696471125203 42.22186590871483)
92,NORTH WILMINGTON,COMMUTER RAIL,TRAIN_NODES,42.56895664640185,-71.15915670296741,POINT (-71.15915670296741 42.56895664640185)
93,WEDGEMERE,COMMUTER RAIL,TRAIN_NODES,42.44490348792281,-71.14010093079607,POINT (-71.14010093079607 42.44490348792281)
94,ANDERSON/WOBURN,COMMUTER RAIL,TRAIN_NODES,42.51575554413321,-71.14369358400853,POINT (-71.14369358400853 42.51575554413321)
95,PLYMOUTH,COMMUTER RAIL,TRAIN_NODES,41.980569782482846,-70.6888860170704,POINT (-70.6888860170704 41.98056978248285)
96,LOWELL,COMMUTER RAIL,TRAIN_NODES,42.63645915613906,-71.31503413172172,POINT (-71.31503413172172 42.63645915613906)
97,CANTON CENTER,COMMUTER RAIL,TRAIN_NODES,42.156753542523205,-71.14556889332316,POINT (-71.14556889332316 42.15675354252321)
98,SOUTH ATTLEBORO,COMMUTER RAIL,TRAIN_NODES,41.89779575439436,-71.35494410949791,POINT (-71.35494410949791 41.89779575439436)
99,MANSFIELD,COMMUTER RAIL,TRAIN_NODES,42.03278382374011,-71.21992622320674,POINT (-71.21992622320674 42.03278382374011)
100,CANTON JUNCTION,COMMUTER RAIL,TRAIN_NODES,42.16364898479034,-71.1538998073944,POINT (-71.1538998073944 42.16364898479034)
101,NORTH BEVERLY,COMMUTER RAIL,TRAIN_NODES,42.58292594334343,-70.88388015134055,POINT (-70.88388015134055 42.58292594334343)
102,READVILLE,COMMUTER RAIL,TRAIN_NODES,42.23816470779416,-71.13397938974262,POINT (-71.13397938974262 42.23816470779416)
103,WALTHAM,COMMUTER RAIL,TRAIN_NODES,42.37410934367113,-71.23652398346752,POINT (-71.23652398346752 42.37410934367113)
104,CONCORD,COMMUTER RAIL,TRAIN_NODES,42.45707305350235,-71.35876783160623,POINT (-71.35876783160623 42.45707305350235)
105,LINCOLN,COMMUTER RAIL,TRAIN_NODES,42.414039263432585,-71.32585747309088,POINT (-71.32585747309088 42.41403926343258)
106,HASTINGS,COMMUTER RAIL,TRAIN_NODES,42.38584718815791,-71.28916120620144,POINT (-71.28916120620144 42.38584718815791)
107,WAVERLEY,COMMUTER RAIL,TRAIN_NODES,42.38763534853575,-71.19059628256672,POINT (-71.19059628256672 42.38763534853575)
108,PORTER SQUARE,COMMUTER RAIL,TRAIN_NODES,42.388397572820864,-71.11940725458233,POINT (-71.11940725458233 42.38839757282086)
109,LITTLETON/ROUTE 495,COMMUTER RAIL,TRAIN_NODES,42.519294874135426,-71.50248772910989,POINT (-71.50248772910989 42.51929487413543)
110,SOUTH ACTON,COMMUTER RAIL,TRAIN_NODES,42.46035517108453,-71.45790442315958,POINT (-71.45790442315958 42.46035517108453)
111,WEST CONCORD,COMMUTER RAIL,TRAIN_NODES,42.45707367176413,-71.392724025223,POINT (-71.392724025223 42.45707367176413)
112,SILVER HILL,COMMUTER RAIL,TRAIN_NODES,42.39568317703269,-71.3021092532709,POINT (-71.3021092532709 42.39568317703269)
113,KENDAL GREEN,COMMUTER RAIL,TRAIN_NODES,42.37977784071721,-71.28321535644922,POINT (-71.28321535644922 42.37977784071721)
114,BRANDEIS/ROBERTS,COMMUTER RAIL,TRAIN_NODES,42.361924444493596,-71.26010669404783,POINT (-71.26010669404783 42.3619244444936)
115,BELMONT,COMMUTER RAIL,TRAIN_NODES,42.39601733906687,-71.17582300056588,POINT (-71.17582300056588 42.39601733906687)
116,NORTH LEOMINSTER,COMMUTER RAIL,TRAIN_NODES,42.54006555237639,-71.73985693037085,POINT (-71.73985693037085 42.54006555237639)
117,AYER,COMMUTER RAIL,TRAIN_NODES,42.55906538713207,-71.58864922474248,POINT (-71.58864922474248 42.55906538713207)
118,NORWOOD DEPOT,COMMUTER RAIL,TRAIN_NODES,42.1963099139796,-71.19692550404591,POINT (-71.19692550404591 42.1963099139796)
119,MISHAWUM,COMMUTER RAIL,TRAIN_NODES,42.503069655888545,-71.13695782078237,POINT (-71.13695782078237 42.50306965588855)
120,MALDEN CENTER,COMMUTER RAIL,TRAIN_NODES,42.42658622607523,-71.07425997463095,POINT (-71.07425997463095 42.42658622607523)
121,WORCESTER,COMMUTER RAIL,TRAIN_NODES,42.26100830970639,-71.79463670867898,POINT (-71.79463670867898 42.26100830970639)
122,MONTELLO,COMMUTER RAIL,TRAIN_NODES,42.10637074585089,-71.02182300366064,POINT (-71.02182300366064 42.10637074585089)
123,CAMPELLO,COMMUTER RAIL,TRAIN_NODES,42.06107082722984,-71.01105499820144,POINT (-71.01105499820144 42.06107082722984)
124,MIDDLEBOROUGH/LAKEVILLE,COMMUTER RAIL,TRAIN_NODES,41.877476119164356,-70.91736946835863,POINT (-70.91736946835863 41.87747611916436)
125,BROCKTON,COMMUTER RAIL,TRAIN_NODES,42.08442899068229,-71.01653493330873,POINT (-71.01653493330873 42.08442899068229)
126,HOLBROOK/RANDOLPH,COMMUTER RAIL,TRAIN_NODES,42.155424843328895,-71.02770747479515,POINT (-71.02770747479515 42.15542484332889)
127,JFK/UMASS,COMMUTER RAIL,TRAIN_NODES,42.32072588821247,-71.05216104568869,POINT (-71.05216104568869 42.32072588821247)
128,NEEDHAM JUNCTION,COMMUTER RAIL,TRAIN_NODES,42.27300524445726,-71.2365713633028,POINT (-71.2365713633028 42.27300524445726)
129,NEEDHAM CENTER,COMMUTER RAIL,TRAIN_NODES,42.28023532595592,-71.23785482105872,POINT (-71.23785482105872 42.28023532595592)
130,HERSEY,COMMUTER RAIL,TRAIN_NODES,42.27577350236045,-71.21460175387173,POINT (-71.21460175387173 42.27577350236045)
131,WEST ROXBURY,COMMUTER RAIL,TRAIN_NODES,42.281521827861376,-71.15981430483126,POINT (-71.15981430483126 42.28152182786138)
132,HIGHLAND,COMMUTER RAIL,TRAIN_NODES,42.284801931393154,-71.15422693831918,POINT (-71.15422693831918 42.28480193139315)
133,BELLEVUE,COMMUTER RAIL,TRAIN_NODES,42.28658429000856,-71.14547358998007,POINT (-71.14547358998007 42.28658429000856)
134,ROSLINDALE VILLAGE,COMMUTER RAIL,TRAIN_NODES,42.28705793738711,-71.13165992185225,POINT (-71.13165992185225 42.28705793738711)
135,ROUTE 128,COMMUTER RAIL,TRAIN_NODES,42.21029642508788,-71.14717681521078,POINT (-71.14717681521078 42.21029642508788)
136,BACK BAY,COMMUTER RAIL,TRAIN_NODES,42.347669682876756,-71.07510354614429,POINT (-71.07510354614429 42.34766968287676)
137,QUINCY CENTER,COMMUTER RAIL,TRAIN_NODES,42.25133419698715,-71.00524766888104,POINT (-71.00524766888104 42.25133419698715)
138,RUGGLES,COMMUTER RAIL,TRAIN_NODES,42.33654232448528,-71.08921593829662,POINT (-71.08921593829662 42.33654232448528)
139,Boston University Central,GREEN,MBTA_NODES,42.35004075702665,-71.10703612049464,POINT (-71.10703612049464 42.35004075702665)
140,Amory Street,GREEN,MBTA_NODES,42.35096616648161,-71.11470750829879,POINT (-71.11470750829879 42.35096616648161)
141,Babcock Street,GREEN,MBTA_NODES,42.3515930516766,-71.1199201198467,POINT (-71.1199201198467 42.3515930516766)
142,Packards Corner,GREEN,MBTA_NODES,42.351785813352066,-71.12522582972619,POINT (-71.12522582972619 42.35178581335207)
143,Harvard Avenue,GREEN,MBTA_NODES,42.35041177481019,-71.13100726113383,POINT (-71.13100726113383 42.35041177481019)
144,Griggs Street,GREEN,MBTA_NODES,42.348819512853055,-71.13436462642305,POINT (-71.13436462642305 42.34881951285305)
145,Allston Street,GREEN,MBTA_NODES,42.34857609500267,-71.13763680046425,POINT (-71.13763680046425 42.34857609500267)
146,Warren Street,GREEN,MBTA_NODES,42.34862364982648,-71.14024039501022,POINT (-71.14024039501022 42.34862364982648)
147,Washington Street,GREEN,MBTA_NODES,42.34412328995517,-71.14254885115989,POINT (-71.14254885115989 42.34412328995517)
148,Sutherland Road,GREEN,MBTA_NODES,42.341561497974766,-71.14632990186321,POINT (-71.14632990186321 42.34156149797477)
149,Chiswick Road,GREEN,MBTA_NODES,42.34061808283791,-71.15095131525393,POINT (-71.15095131525393 42.34061808283791)
150,Chestnut Hill Avenue,GREEN,MBTA_NODES,42.33857776881901,-71.15265529729677,POINT (-71.15265529729677 42.33857776881901)
151,South Street,GREEN,MBTA_NODES,42.3394540392699,-71.15726165487304,POINT (-71.15726165487304 42.3394540392699)
152,Boston College,GREEN,MBTA_NODES,42.340155438663125,-71.16702496371806,POINT (-71.16702496371806 42.34015543866312)
153,Cleveland Circle,GREEN,MBTA_NODES,42.33613671489414,-71.14928663073547,POINT (-71.14928663073547 42.33613671489414)
154,Englewood Avenue,GREEN,MBTA_NODES,42.33698480426935,-71.1454983930447,POINT (-71.1454983930447 42.33698480426935)
155,Dean Road,GREEN,MBTA_NODES,42.33771433525089,-71.14195534190397,POINT (-71.14195534190397 42.33771433525089)
156,Tappan Street,GREEN,MBTA_NODES,42.33851881948178,-71.138441384533,POINT (-71.138441384533 42.33851881948178)
157,Washington Square,GREEN,MBTA_NODES,42.339327415868944,-71.13536707673275,POINT (-71.13536707673275 42.33932741586894)
158,Fairbanks Street,GREEN,MBTA_NODES,42.339640256149345,-71.13129703270397,POINT (-71.13129703270397 42.33964025614934)
159,Brandon Hall,GREEN,MBTA_NODES,42.34005363816764,-71.12865720041415,POINT (-71.12865720041415 42.34005363816764)
160,Summit Ave/Winchester St,GREEN,MBTA_NODES,42.34102836524752,-71.12578786977899,POINT (-71.12578786977899 42.34102836524752)
161,Coolidge Corner,GREEN,MBTA_NODES,42.342149985575624,-71.12129543780442,POINT (-71.12129543780442 42.34214998557562)
162,Saint Paul Street,GREEN,MBTA_NODES,42.34321042469037,-71.11718908593329,POINT (-71.11718908593329 42.34321042469037)
163,Kent Street,GREEN,MBTA_NODES,42.34401012128091,-71.11429128686976,POINT (-71.11429128686976 42.34401012128091)
164,Hawes Street,GREEN,MBTA_NODES,42.34485991616288,-71.11117480120801,POINT (-71.11117480120801 42.34485991616288)
165,Saint Marys Street,GREEN,MBTA_NODES,42.345987371550244,-71.10723956448349,POINT (-71.10723956448349 42.34598737155024)
166,Fenway,GREEN,MBTA_NODES,42.34515863711736,-71.10460442804983,POINT (-71.10460442804983 42.34515863711736)
167,Longwood,GREEN,MBTA_NODES,42.341669116547045,-71.10993456944726,POINT (-71.10993456944726 42.34166911654705)
168,Brookline Village,GREEN,MBTA_NODES,42.33259466444778,-71.11682793517372,POINT (-71.11682793517372 42.33259466444778)
169,Brookline Hills,GREEN,MBTA_NODES,42.33129459027273,-71.1267274031737,POINT (-71.1267274031737 42.33129459027273)
170,Beaconsfield,GREEN,MBTA_NODES,42.33569218472981,-71.14025927261312,POINT (-71.14025927261312 42.33569218472981)
171,Reservoir,GREEN,MBTA_NODES,42.335139909036485,-71.14837901822938,POINT (-71.14837901822938 42.33513990903649)
172,Chestnut Hill,GREEN,MBTA_NODES,42.32674178162948,-71.16460873449554,POINT (-71.16460873449554 42.32674178162948)
173,Newton Centre,GREEN,MBTA_NODES,42.3294154875297,-71.19236980764195,POINT (-71.19236980764195 42.3294154875297)
174,Newton Highlands,GREEN,MBTA_NODES,42.32235408060331,-71.20550185798365,POINT (-71.20550185798365 42.32235408060331)
175,Eliot,GREEN,MBTA_NODES,42.31897816711644,-71.2165880469504,POINT (-71.21658804695041 42.31897816711644)
176,Woodland,GREEN,MBTA_NODES,42.33283282398844,-71.24326789756216,POINT (-71.24326789756216 42.33283282398844)
177,Riverside,GREEN,MBTA_NODES,42.33739840813053,-71.25255434001781,POINT (-71.25255434001781 42.33739840813053)
178,Downtown Crossing,ORANGE/RED,MBTA_NODES,42.35543397801344,-71.06051209466872,POINT (-71.06051209466872 42.35543397801344)
179,Park Street,GREEN/RED,MBTA_NODES,42.35620326817115,-71.06230983470068,POINT (-71.06230983470068 42.35620326817115)
180,JFK/UMass,RED,MBTA_NODES,42.32063650945969,-71.05236076657424,POINT (-71.05236076657424 42.32063650945969)
181,State,BLUE/ORANGE,MBTA_NODES,42.35879934320049,-71.05781905424712,POINT (-71.05781905424712 42.35879934320049)
182,Roxbury Crossing,ORANGE,MBTA_NODES,42.33086764562735,-71.09600501912232,POINT (-71.09600501912232 42.33086764562735)
183,Airport Terminal B2,SILVER,MBTA_NODES,42.36307521090779,-71.01836771345887,POINT (-71.01836771345887 42.36307521090779)
184,Design Center,SILVER,MBTA_NODES,42.34458204262589,-71.03460702341447,POINT (-71.03460702341447 42.34458204262589)
185,Lenox St,SILVER,MBTA_NODES,42.3351666595186,-71.07854226688733,POINT (-71.07854226688733 42.3351666595186)
186,Massachusetts Ave,SILVER,MBTA_NODES,42.336249667904475,-71.07719975835843,POINT (-71.07719975835843 42.33624966790448)
187,Newton Street,SILVER,MBTA_NODES,42.338690853049094,-71.07375725814244,POINT (-71.07375725814244 42.33869085304909)
188,Union Park Street,SILVER,MBTA_NODES,42.34143480440312,-71.06921600632411,POINT (-71.06921600632411 42.34143480440312)
189,East Berkeley Street,SILVER,MBTA_NODES,42.3437744818671,-71.06619602685075,POINT (-71.06619602685075 42.3437744818671)
190,Herald Street,SILVER,MBTA_NODES,42.34562558200228,-71.06489500040313,POINT (-71.06489500040313 42.34562558200228)
191,Worcester Square,SILVER,MBTA_NODES,42.33755503470711,-71.07539890805542,POINT (-71.07539890805542 42.33755503470711)
192,Melnea Cass Blvd,SILVER,MBTA_NODES,42.332701674108414,-71.08119881373594,POINT (-71.08119881373594 42.33270167410841)
193,Tuffs Medical Center,SILVER,MBTA_NODES,42.3496106302058,-71.06369205125215,POINT (-71.06369205125215 42.3496106302058)
194,Tide St,SILVER,MBTA_NODES,42.34521750186478,-71.03205071907388,POINT (-71.03205071907388 42.34521750186478)
195,Harbor St,SILVER,MBTA_NODES,42.3465600173793,-71.03497768717902,POINT (-71.03497768717902 42.3465600173793)
196,Airport Terminal B1,SILVER,MBTA_NODES,42.36133964721221,-71.01854353610543,POINT (-71.01854353610543 42.36133964721221)
197,Airport Terminal A,SILVER,MBTA_NODES,42.36472556102154,-71.02115393308613,POINT (-71.02115393308613 42.36472556102154)
198,Airport Terminal C,SILVER,MBTA_NODES,42.367236296390786,-71.01783243617507,POINT (-71.01783243617507 42.36723629639079)
199,Airport Terminal E,SILVER,MBTA_NODES,42.36963803996327,-71.02102932415556,POINT (-71.02102932415556 42.36963803996327)
200,Silver Line Way,SILVER,MBTA_NODES,42.346969888300706,-71.03803715091142,POINT (-71.03803715091142 42.34696988830071)
201,World Trade Center,SILVER,MBTA_NODES,42.34834151514956,-71.04262947978535,POINT (-71.04262947978535 42.34834151514956)
202,Courthouse,SILVER,MBTA_NODES,42.352384937360945,-71.04688863187424,POINT (-71.04688863187424 42.35238493736095)
203,South Station,SILVER,MBTA_NODES,42.35261630939931,-71.05527658270395,POINT (-71.05527658270395 42.35261630939931)
204,88 Black Falcon Ave,SILVER,MBTA_NODES,42.343661654655364,-71.0263257356854,POINT (-71.0263257356854 42.34366165465536)
205,23 Dry Dock Ave,SILVER,MBTA_NODES,42.344686323121906,-71.03039536915297,POINT (-71.03039536915297 42.34468632312191)
206,27 Dry Dock Ave,SILVER,MBTA_NODES,42.34472928524637,-71.02805998136152,POINT (-71.02805998136152 42.34472928524637)
207,Boylston,SILVER,MBTA_NODES,42.353370701809695,-71.06419884189829,POINT (-71.06419884189829 42.35337070180969)
208,Downtown Crossing,SILVER,MBTA_NODES,42.35480806226478,-71.0611627603346,POINT (-71.0611627603346 42.35480806226478)
209,Chinatown,SILVER,MBTA_NODES,42.352415265606545,-71.06256816840029,POINT (-71.06256816840029 42.35241526560655)
210,Nubian,SILVER,MBTA_NODES,42.329703993266904,-71.08371931372102,POINT (-71.08371931372102 42.3297039932669)
211,South Station Essex St,SILVER,MBTA_NODES,42.35189858731985,-71.0561270140368,POINT (-71.0561270140368 42.35189858731985)
212,Northern Ave,SILVER,MBTA_NODES,42.347600648407706,-71.03635388555213,POINT (-71.03635388555213 42.34760064840771)
213,Melnea Cass Blvd,SILVER,MBTA_NODES,42.33310536535542,-71.08080190135071,POINT (-71.08080190135071 42.33310536535542)
214,Lenox St,SILVER,MBTA_NODES,42.33492922898615,-71.07906038119386,POINT (-71.07906038119386 42.33492922898615)
215,Massachusetts Ave,SILVER,MBTA_NODES,42.33632435497544,-71.07730467700864,POINT (-71.07730467700864 42.33632435497544)
216,Worcester Square,SILVER,MBTA_NODES,42.33737104690254,-71.07587716429592,POINT (-71.07587716429592 42.33737104690254)
217,Newton Street,SILVER,MBTA_NODES,42.33875975519736,-71.07388329912776,POINT (-71.07388329912776 42.33875975519736)
218,Union Park Street,SILVER,MBTA_NODES,42.340420850242204,-71.07136914622338,POINT (-71.07136914622338 42.3404208502422)
219,East Berkeley Street,SILVER,MBTA_NODES,42.34413393024102,-71.06579486656833,POINT (-71.06579486656833 42.34413393024102)
220,Herald Street,SILVER,MBTA_NODES,42.346411693061334,-71.06471962184442,POINT (-71.06471962184442 42.34641169306133)
221,Tuffs Medical Center,SILVER,MBTA_NODES,42.34963996318974,-71.0638070556149,POINT (-71.0638070556149 42.34963996318974)
222,Black Falcon Ave,SILVER,MBTA_NODES,42.34417140501455,-71.02721502649673,POINT (-71.02721502649673 42.34417140501455)
223,Assembly,ORANGE,MBTA_NODES,42.39215591309829,-71.0771253379968,POINT (-71.0771253379968 42.39215591309829)
224,Ashmont,RED,MBTA_NODES,42.28388354653573,-71.06343014428334,POINT (-71.06343014428334 42.28388354653573)
225,Harvard,RED,MBTA_NODES,42.37402923084171,-71.11890607285167,POINT (-71.11890607285167 42.37402923084171)
226,Kendall/MIT,RED,MBTA_NODES,42.36241534494063,-71.08619149362897,POINT (-71.08619149362897 42.36241534494063)
227,Capen Street,RED,MBTA_NODES,42.26755305645064,-71.08720482420884,POINT (-71.08720482420884 42.26755305645064)
228,Tufts Medical Center,ORANGE,MBTA_NODES,42.34908000685837,-71.06428155130087,POINT (-71.06428155130087 42.34908000685837)
229,Waban,GREEN,MBTA_NODES,42.325877716768765,-71.23069341911206,POINT (-71.23069341911206 42.32587771676877)
230,Kenmore,GREEN,MBTA_NODES,42.34899686543046,-71.09554476667113,POINT (-71.09554476667113 42.34899686543046)
231,Arlington,GREEN,MBTA_NODES,42.35176844680471,-71.07098957216165,POINT (-71.07098957216165 42.35176844680471)
232,Copley,GREEN,MBTA_NODES,42.349907595828256,-71.07797545349253,POINT (-71.07797545349253 42.34990759582826)
233,Boylston,GREEN,MBTA_NODES,42.35302131572675,-71.06460214049746,POINT (-71.06460214049746 42.35302131572675)
234,Chinatown,ORANGE,MBTA_NODES,42.35247413411853,-71.06258053989707,POINT (-71.06258053989707 42.35247413411853)
235,Haymarket,GREEN/ORANGE,MBTA_NODES,42.36247252030301,-71.05785165728992,POINT (-71.05785165728992 42.36247252030301)
236,North Station,GREEN/ORANGE,MBTA_NODES,42.36514376184872,-71.05998293491109,POINT (-71.05998293491109 42.36514376184872)
237,Davis,RED,MBTA_NODES,42.39675185636227,-71.12223401928372,POINT (-71.12223401928372 42.39675185636227)
238,South Station,RED,MBTA_NODES,42.35259298206998,-71.05517164043283,POINT (-71.05517164043283 42.35259298206998)
239,Oak Grove,ORANGE,MBTA_NODES,42.437504597359506,-71.07082632876849,POINT (-71.07082632876849 42.43750459735951)
240,Malden Center,ORANGE,MBTA_NODES,42.42658098096967,-71.07431521595218,POINT (-71.07431521595218 42.42658098096967)
241,Wellington,ORANGE,MBTA_NODES,42.40174005251536,-71.07711743873362,POINT (-71.07711743873362 42.40174005251536)
242,Sullivan Square,ORANGE,MBTA_NODES,42.38429741810078,-71.07693157345818,POINT (-71.07693157345818 42.38429741810078)
243,Community College,ORANGE,MBTA_NODES,42.373908132788344,-71.07033821609618,POINT (-71.07033821609618 42.37390813278834)
244,Lechmere,GREEN,MBTA_NODES,42.37091787252423,-71.07715770709238,POINT (-71.07715770709238 42.37091787252423)
245,Science Park/West End,GREEN,MBTA_NODES,42.366742433699294,-71.0677439879553,POINT (-71.0677439879553 42.36674243369929)
246,Bowdoin,BLUE,MBTA_NODES,42.361160748135475,-71.06183707177904,POINT (-71.06183707177904 42.36116074813548)
247,Government Center,BLUE/GREEN,MBTA_NODES,42.35929659818077,-71.05945866865088,POINT (-71.05945866865088 42.35929659818077)
248,Aquarium,BLUE,MBTA_NODES,42.35951696211828,-71.05193843452263,POINT (-71.05193843452263 42.35951696211828)
249,Maverick,BLUE,MBTA_NODES,42.36899298085758,-71.03957976452097,POINT (-71.03957976452097 42.36899298085758)
250,Airport,BLUE,MBTA_NODES,42.37436270182934,-71.0302245052148,POINT (-71.0302245052148 42.37436270182934)
251,Wood Island,BLUE,MBTA_NODES,42.379647435420196,-71.02291228775546,POINT (-71.02291228775546 42.3796474354202)
252,Orient Heights,BLUE,MBTA_NODES,42.38684164362619,-71.00479639613563,POINT (-71.00479639613563 42.38684164362619)
253,Suffolk Downs,BLUE,MBTA_NODES,42.390496463343545,-70.99714972550416,POINT (-70.99714972550416 42.39049646334355)
254,Beachmont,BLUE,MBTA_NODES,42.39725164596775,-70.99253225084686,POINT (-70.99253225084686 42.39725164596775)
255,Revere Beach,BLUE,MBTA_NODES,42.40784240427718,-70.99250348685123,POINT (-70.99250348685123 42.40784240427718)
256,Wonderland,BLUE,MBTA_NODES,42.413433486159654,-70.99166451390964,POINT (-70.99166451390964 42.41343348615965)
257,Alewife,RED,MBTA_NODES,42.396121027916635,-71.1420773119539,POINT (-71.1420773119539 42.39612102791664)
258,Porter,RED,MBTA_NODES,42.3883204798638,-71.11911421896355,POINT (-71.11911421896355 42.3883204798638)
259,Central,RED,MBTA_NODES,42.365439939108995,-71.10382518006278,POINT (-71.10382518006278 42.365439939109)
260,Charles/MGH,RED,MBTA_NODES,42.36116762221243,-71.07108060736338,POINT (-71.07108060736338 42.36116762221243)
261,Broadway,RED,MBTA_NODES,42.342581686007414,-71.05717003941312,POINT (-71.05717003941312 42.34258168600741)
262,Andrew,RED,MBTA_NODES,42.33011322520393,-71.05697754578115,POINT (-71.05697754578115 42.33011322520393)
263,Savin Hill,RED,MBTA_NODES,42.3107478247505,-71.05364006133503,POINT (-71.05364006133503 42.3107478247505)
264,Fields Corner,RED,MBTA_NODES,42.300001622650385,-71.06192392219717,POINT (-71.06192392219717 42.30000162265038)
265,Shawmut,RED,MBTA_NODES,42.293107449896475,-71.06582888832982,POINT (-71.06582888832982 42.29310744989647)
266,Cedar Grove,RED,MBTA_NODES,42.279539566759254,-71.06031736232977,POINT (-71.06031736232977 42.27953956675925)
267,Butler,RED,MBTA_NODES,42.27241637622499,-71.06246996995522,POINT (-71.06246996995522 42.27241637622499)
268,Milton,RED,MBTA_NODES,42.270327108956735,-71.06724190338717,POINT (-71.06724190338717 42.27032710895674)
269,Central Avenue,RED,MBTA_NODES,42.26998517356769,-71.07360913867316,POINT (-71.07360913867316 42.26998517356769)
270,Valley Road,RED,MBTA_NODES,42.26832588779538,-71.08150365095204,POINT (-71.08150365095204 42.26832588779538)
271,Mattapan,RED,MBTA_NODES,42.26751187982788,-71.0925123638194,POINT (-71.0925123638194 42.26751187982788)
272,North Quincy,RED,MBTA_NODES,42.27597638029729,-71.03044263936602,POINT (-71.03044263936602 42.27597638029729)
273,Wollaston,RED,MBTA_NODES,42.266709771858245,-71.02054283814307,POINT (-71.02054283814307 42.26670977185825)
274,Quincy Center,RED,MBTA_NODES,42.252087026359916,-71.00564054323864,POINT (-71.00564054323864 42.25208702635992)
275,Quincy Adams,RED,MBTA_NODES,42.23329368973368,-71.00694130297018,POINT (-71.00694130297018 42.23329368973368)
276,Braintree,RED,MBTA_NODES,42.20753725735121,-71.0017025430377,POINT (-71.00170254303769 42.20753725735121)
277,Forest Hills,ORANGE,MBTA_NODES,42.300771241742964,-71.11419142947183,POINT (-71.11419142947183 42.30077124174296)
278,Green Street,ORANGE,MBTA_NODES,42.309898743597564,-71.1080593951544,POINT (-71.1080593951544 42.30989874359756)
279,Stony Brook,ORANGE,MBTA_NODES,42.31709979960877,-71.10444126782416,POINT (-71.10444126782416 42.31709979960877)
280,Jackson Square,ORANGE,MBTA_NODES,42.323171621557584,-71.09993247620687,POINT (-71.09993247620687 42.32317162155758)
281,Ruggles,ORANGE,MBTA_NODES,42.336666151708094,-71.08950957454593,POINT (-71.08950957454593 42.33666615170809)
282,Massachusetts Ave,ORANGE,MBTA_NODES,42.34100638647216,-71.08415064979037,POINT (-71.08415064979037 42.34100638647216)
283,Back Bay,ORANGE,MBTA_NODES,42.34755909573938,-71.07510604132653,POINT (-71.07510604132653 42.34755909573938)
284,Prudential,GREEN,MBTA_NODES,42.34576811139235,-71.08119909208664,POINT (-71.08119909208664 42.34576811139235)
285,Symphony,GREEN,MBTA_NODES,42.34272033782988,-71.08494060848427,POINT (-71.08494060848427 42.34272033782988)
286,Northeastern,GREEN,MBTA_NODES,42.34005063291582,-71.08965205455883,POINT (-71.08965205455883 42.34005063291582)
287,Museum Of Fine Arts,GREEN,MBTA_NODES,42.3379251389995,-71.09497605113634,POINT (-71.09497605113634 42.3379251389995)
288,Longwood Medical Area,GREEN,MBTA_NODES,42.33614100894464,-71.09956099897516,POINT (-71.09956099897516 42.33614100894464)
289,Brigham Circle,GREEN,MBTA_NODES,42.33457104973988,-71.10372418778329,POINT (-71.10372418778329 42.33457104973988)
290,Eastern Ave,SILVER,MBTA_NODES,42.388458099705495,-71.02393379279997,POINT (-71.02393379279997 42.3884580997055)
291,Box District,SILVER,MBTA_NODES,42.39411670592333,-71.02846597923909,POINT (-71.02846597923909 42.39411670592333)
292,Bellingham Sq,SILVER,MBTA_NODES,42.39540238816468,-71.03346704417102,POINT (-71.03346704417102 42.39540238816468)
293,Chelsea,SILVER,MBTA_NODES,42.39680216827558,-71.04039297669804,POINT (-71.04039297669804 42.39680216827558)
294,Airport,SILVER,MBTA_NODES,42.374152577318306,-71.0298063287467,POINT (-71.0298063287467 42.37415257731831)
295,Fenwood Road,GREEN,MBTA_NODES,42.33374540645179,-71.10564567075349,POINT (-71.10564567075349 42.33374540645179)
296,Mission Park,GREEN,MBTA_NODES,42.33317940922027,-71.1095849635522,POINT (-71.10958496355219 42.33317940922027)
297,Riverway,GREEN,MBTA_NODES,42.33197800782085,-71.1119506665,POINT (-71.11195066649999 42.33197800782085)
298,Back Of The Hill,GREEN,MBTA_NODES,42.32963825048141,-71.11107040791865,POINT (-71.11107040791865 42.32963825048141)
299,Heath Street,GREEN,MBTA_NODES,42.32831128444417,-71.11028101742203,POINT (-71.11028101742203 42.32831128444417)
300,Hynes Convention Center,GREEN,MBTA_NODES,42.347982285130854,-71.0873145576371,POINT (-71.0873145576371 42.34798228513085)
301,Blandford Street,GREEN,MBTA_NODES,42.34919807685945,-71.1000555872087,POINT (-71.1000555872087 42.34919807685945)
302,Boston University East,GREEN,MBTA_NODES,42.34972114226152,-71.10442793966416,POINT (-71.10442793966416 42.34972114226152)
