station_id,station_name,line,layer,station_lat,station_lon,geometry,length_m,error
0,GREENBUSH,COMMUTER RAIL,TRAIN_NODES,42.17779879866329,-70.74656682979789,POINT (-70.74656682979789 42.17779879866329),44917.0,
21,WACHUSETT,COMMUTER RAIL,TRAIN_NODES,42.55356363801657,-71.84876354052662,POINT (-71.84876354052662 42.55356363801657),88175.0,
22,BRADFORD,COMMUTER RAIL,TRAIN_NODES,42.76872645793275,-71.08655077036804,POINT (-71.08655077036804 42.76872645793275),54365.0,
27,LAWRENCE,COMMUTER RAIL,TRAIN_NODES,42.70177357612105,-71.15169161976846,POINT (-71.15169161976846 42.70177357612105),44900.0,
54,SOUTH STATION,COMMUTER RAIL,TRAIN_NODES,42.35146256050215,-71.05496026071819,POINT (-71.05496026071819 42.35146256050215),131.0,
56,BOSTON LANDING,COMMUTER RAIL,TRAIN_NODES,42.3571481228762,-71.13912838631244,POINT (-71.13912838631244 42.3571481228762),7675.0,
73,NORTH STATION,COMMUTER RAIL,TRAIN_NODES,42.366286480448736,-71.06227059811692,POINT (-71.06227059811692 42.36628648044874),1946.0,
77,EAST WEYMOUTH,COMMUTER RAIL,TRAIN_NODES,42.21939938522992,-70.92171885079512,POINT (-70.92171885079512 42.21939938522992),23685.0,
92,CHELSEA,COMMUTER RAIL,TRAIN_NODES,42.39546344317493,-71.03344161189011,POINT (-71.03344161189011 42.39546344317493),9928.0,
95,WALPOLE,COMMUTER RAIL,TRAIN_NODES,42.1453185322529,-71.25813107419992,POINT (-71.25813107419992 42.1453185322529),30940.0,
99,ROWLEY,COMMUTER RAIL,TRAIN_NODES,42.72501905345048,-70.85854974989181,POINT (-70.85854974989181 42.72501905345048),52293.0,
100,SALEM,COMMUTER RAIL,TRAIN_NODES,42.523961763512816,-70.89598189962496,POINT (-70.89598189962496 42.52396176351282),29008.0,
101,SWAMPSCOTT,COMMUTER RAIL,TRAIN_NODES,42.474242299600974,-70.9216836286271,POINT (-70.92168362862709 42.47424229960097),22469.0,
102,RIVER WORKS,COMMUTER RAIL,TRAIN_NODES,42.44979823542543,-70.96976717652744,POINT (-70.96976717652744 42.44979823542543),17610.0,
103,ASHLAND,COMMUTER RAIL,TRAIN_NODES,42.26101471034394,-71.47611740477383,POINT (-71.47611740477383 42.26101471034394),41115.0,
104,SOUTHBOROUGH,COMMUTER RAIL,TRAIN_NODES,42.26714179737653,-71.52384475368306,POINT (-71.52384475368306 42.26714179737652),44605.0,
105,WESTBOROUGH,COMMUTER RAIL,TRAIN_NODES,42.26926792274833,-71.64860082559177,POINT (-71.64860082559177 42.26926792274833),54908.0,
106,GRAFTON,COMMUTER RAIL,TRAIN_NODES,42.24712682984265,-71.68461427716244,POINT (-71.68461427716244 42.24712682984265),58777.0,
107,IPSWICH,COMMUTER RAIL,TRAIN_NODES,42.67687055875716,-70.84060167313967,POINT (-70.84060167313967 42.67687055875716),46275.0,
108,ROCKPORT,COMMUTER RAIL,TRAIN_NODES,42.65620232847312,-70.62626003105497,POINT (-70.62626003105497 42.65620232847311),58749.0,
109,WEST GLOUCESTER,COMMUTER RAIL,TRAIN_NODES,42.61136199874382,-70.706121084162,POINT (-70.70612108416201 42.61136199874382),49445.0,
110,MONTSERRAT,COMMUTER RAIL,TRAIN_NODES,42.56236547247608,-70.86852599929155,POINT (-70.86852599929155 42.56236547247607),33724.0,
111,PRIDES CROSSING,COMMUTER RAIL,TRAIN_NODES,42.55950886096413,-70.82502391901399,POINT (-70.82502391901399 42.55950886096413),39853.0,
112,BEVERLY FARMS,COMMUTER RAIL,TRAIN_NODES,42.561474281753846,-70.81226342908217,POINT (-70.81226342908217 42.56147428175385),38674.0,
113,MANCHESTER,COMMUTER RAIL,TRAIN_NODES,42.573552589319945,-70.7703859614462,POINT (-70.77038596144619 42.57355258931995),42342.0,
115,HYDE PARK,COMMUTER RAIL,TRAIN_NODES,42.25519277391744,-71.12546830614595,POINT (-71.12546830614595 42.25519277391744),13476.0,
116,FOREST HILLS,COMMUTER RAIL,TRAIN_NODES,42.299481894263735,-71.11462266837216,POINT (-71.11462266837216 42.29948189426374),8697.0,
117,BACK BAY,COMMUTER RAIL,TRAIN_NODES,42.34745890384762,-71.07511743691359,POINT (-71.07511743691359 42.34745890384762),2293.0,
118,HALIFAX,COMMUTER RAIL,TRAIN_NODES,42.01296970775741,-70.82081137582004,POINT (-70.82081137582004 42.01296970775741),45647.0,
119,SOUTH WEYMOUTH,COMMUTER RAIL,TRAIN_NODES,42.15415108528381,-70.95272137189261,POINT (-70.95272137189261 42.15415108528381),25618.0,
120,WHITMAN,COMMUTER RAIL,TRAIN_NODES,42.08297620584417,-70.92362523196837,POINT (-70.92362523196837 42.08297620584417),33949.0,
121,KINGSTON,COMMUTER RAIL,TRAIN_NODES,41.9763614312266,-70.72383686874555,POINT (-70.72383686874555 41.9763614312266),56640.0,
122,STOUGHTON,COMMUTER RAIL,TRAIN_NODES,42.12377537285462,-71.10337180700725,POINT (-71.10337180700725 42.12377537285462),30435.0,
123,FRAMINGHAM,COMMUTER RAIL,TRAIN_NODES,42.27619944491083,-71.4199144142727,POINT (-71.4199144142727 42.27619944491083),34624.0,
124,WELLESLEY FARMS,COMMUTER RAIL,TRAIN_NODES,42.32217285502088,-71.27254190935896,POINT (-71.27254190935896 42.32217285502088),20449.0,
125,AUBURNDALE,COMMUTER RAIL,TRAIN_NODES,42.34589088562903,-71.25029006823164,POINT (-71.25029006823164 42.34589088562903),18488.0,
126,NEWTONVILLE,COMMUTER RAIL,TRAIN_NODES,42.35151015575627,-71.2064682049247,POINT (-71.2064682049247 42.35151015575627),14071.0,
127,WEST NEWTON,COMMUTER RAIL,TRAIN_NODES,42.347816970333305,-71.2313352512666,POINT (-71.2313352512666 42.34781697033331),16440.0,
128,WELLESLEY HILLS,COMMUTER RAIL,TRAIN_NODES,42.31098173431776,-71.27686400224826,POINT (-71.27686400224826 42.31098173431776),22410.0,
129,LANSDOWNE,COMMUTER RAIL,TRAIN_NODES,42.34764666191346,-71.10047894826637,POINT (-71.10047894826637 42.34764666191346),4346.0,
130,WEST NATICK,COMMUTER RAIL,TRAIN_NODES,42.283205441625874,-71.39145373319968,POINT (-71.39145373319968 42.28320544162587),32506.0,
131,WELLESLEY SQUARE,COMMUTER RAIL,TRAIN_NODES,42.2971852554619,-71.29494726275176,POINT (-71.29494726275176 42.2971852554619),24078.0,
132,MELROSE HIGHLANDS,COMMUTER RAIL,TRAIN_NODES,42.46879310805406,-71.06849638922318,POINT (-71.06849638922318 42.46879310805406),17622.0,
133,MELROSE/CEDAR PARK,COMMUTER RAIL,TRAIN_NODES,42.45915537566635,-71.06990191142631,POINT (-71.06990191142631 42.45915537566635),13720.0,
134,WAKEFIELD,COMMUTER RAIL,TRAIN_NODES,42.50238131927824,-71.07576890423509,POINT (-71.07576890423509 42.50238131927824),18823.0,
135,READING,COMMUTER RAIL,TRAIN_NODES,42.523253079905295,-71.11067081252943,POINT (-71.11067081252943 42.5232530799053),21685.0,
137,NORTH SCITUATE,COMMUTER RAIL,TRAIN_NODES,42.218770564545935,-70.78545281685228,POINT (-70.78545281685228 42.21877056454593),37782.0,
138,NANTASKET JUNCTION,COMMUTER RAIL,TRAIN_NODES,42.244943480096886,-70.86793745330111,POINT (-70.86793745330111 42.24494348009689),29416.0,
156,WINCHESTER CENTER,COMMUTER RAIL,TRAIN_NODES,42.452247672832414,-71.13731184444377,POINT (-71.13731184444377 42.45224767283241),14744.0,
157,WEST MEDFORD,COMMUTER RAIL,TRAIN_NODES,42.42180769584373,-71.13335409103436,POINT (-71.13335409103436 42.42180769584373),10553.0,
158,NORTH BILLERICA,COMMUTER RAIL,TRAIN_NODES,42.59364703317909,-71.28114955439811,POINT (-71.28114955439811 42.59364703317909),36816.0,
159,WILMINGTON,COMMUTER RAIL,TRAIN_NODES,42.54809766641032,-71.17559832172465,POINT (-71.17559832172465 42.54809766641031),26744.0,
163,FRANKLIN/DEAN COLLEGE,COMMUTER RAIL,TRAIN_NODES,42.08266593217523,-71.3969428673494,POINT (-71.3969428673494 42.08266593217523),44621.0,
164,NORFOLK,COMMUTER RAIL,TRAIN_NODES,42.12053846543391,-71.32538162697047,POINT (-71.32538162697047 42.12053846543391),37194.0,
165,PLIMPTONVILLE,COMMUTER RAIL,TRAIN_NODES,42.15899844288381,-71.23600811365037,POINT (-71.23600811365037 42.15899844288381),29160.0,
166,WINDSOR GARDENS,COMMUTER RAIL,TRAIN_NODES,42.171060161600494,-71.22069226341466,POINT (-71.22069226341466 42.17106016160049),26698.0,
168,MORTON STREET,COMMUTER RAIL,TRAIN_NODES,42.28004918085698,-71.08629574972599,POINT (-71.08629574972599 42.28004918085698),8836.0,
169,FAIRMOUNT,COMMUTER RAIL,TRAIN_NODES,42.25424830040778,-71.11880343230364,POINT (-71.11880343230364 42.25424830040778),13043.0,
170,NEWMARKET,COMMUTER RAIL,TRAIN_NODES,42.32749979562001,-71.06564215482982,POINT (-71.06564215482982 42.32749979562001),3644.0,
171,FOUR CORNERS/GENEVA AVE,COMMUTER RAIL,TRAIN_NODES,42.30478610672133,-71.07719599074503,POINT (-71.07719599074503 42.30478610672133),6118.0,
172,ENDICOTT,COMMUTER RAIL,TRAIN_NODES,42.23265978451417,-71.16029649208413,POINT (-71.16029649208413 42.23265978451417),17163.0,
185,NEWBURYPORT,COMMUTER RAIL,TRAIN_NODES,42.79958297032204,-70.87878300484381,POINT (-70.87878300484381 42.79958297032204),60325.0,
194,HAMILTON/WENHAM,COMMUTER RAIL,TRAIN_NODES,42.61108929007927,-70.87409514435583,POINT (-70.87409514435583 42.61108929007927),38483.0,
202,NEEDHAM HEIGHTS,COMMUTER RAIL,TRAIN_NODES,42.293184222507264,-71.23605561623971,POINT (-71.23605561623971 42.29318422250726),21900.0,
210,BRIDGEWATER,COMMUTER RAIL,TRAIN_NODES,41.98408621897094,-70.96457740295797,POINT (-70.96457740295797 41.98408621897094),44576.0,
219,SHIRLEY,COMMUTER RAIL,TRAIN_NODES,42.54512196723268,-71.6483009294854,POINT (-71.6483009294854 42.54512196723268),65239.0,
222,ISLINGTON,COMMUTER RAIL,TRAIN_NODES,42.2166955567777,-71.1876098230515,POINT (-71.1876098230515 42.2166955567777),20071.0,
223,GREENWOOD,COMMUTER RAIL,TRAIN_NODES,42.48295500030012,-71.0673404890077,POINT (-71.06734048900771 42.48295500030012),16276.0,
225,HANSON,COMMUTER RAIL,TRAIN_NODES,42.04394674263011,-70.8824199465553,POINT (-70.8824199465553 42.04394674263011),39454.0,
226,ABINGTON,COMMUTER RAIL,TRAIN_NODES,42.1067210032137,-70.93422497761584,POINT (-70.93422497761584 42.1067210032137),31400.0,
228,SHARON,COMMUTER RAIL,TRAIN_NODES,42.12480455330217,-71.1842842159819,POINT (-71.1842842159819 42.12480455330217),29212.0,
230,NORWOOD CENTRAL,COMMUTER RAIL,TRAIN_NODES,42.18878272018518,-71.19970353323912,POINT (-71.19970353323912 42.18878272018518),24040.0,
237,BEVERLY,COMMUTER RAIL,TRAIN_NODES,42.54790793622569,-70.88530473096803,POINT (-70.88530473096803 42.54790793622569),31561.0,
238,BRAINTREE,COMMUTER RAIL,TRAIN_NODES,42.20829460708952,-71.00136593990844,POINT (-71.00136593990844 42.20829460708952),19212.0,
239,ATTLEBORO,COMMUTER RAIL,TRAIN_NODES,41.94173172214709,-71.2843398337001,POINT (-71.2843398337001 41.94173172214709),51857.0,
241,COHASSET,COMMUTER RAIL,TRAIN_NODES,42.244176073296096,-70.83712741484403,POINT (-70.83712741484403 42.2441760732961),31928.0,
242,WEST HINGHAM,COMMUTER RAIL,TRAIN_NODES,42.23612725176445,-70.90264211217715,POINT (-70.90264211217715 42.23612725176445),26672.0,
252,FITCHBURG,COMMUTER RAIL,TRAIN_NODES,42.58107350893192,-71.79361194924593,POINT (-71.79361194924593 42.58107350893192),81762.0,
255,TALBOT AVENUE,COMMUTER RAIL,TRAIN_NODES,42.29246325897736,-71.0782511262178,POINT (-71.07825112621779 42.29246325897736),8889.0,
256,UPHAMS CORNER,COMMUTER RAIL,TRAIN_NODES,42.31908770123812,-71.06864081098963,POINT (-71.06864081098963 42.31908770123812),5768.0,
257,READVILLE,COMMUTER RAIL,TRAIN_NODES,42.2378836211423,-71.13323807576303,POINT (-71.13323807576303 42.2378836211423),14872.0,
258,BLUE HILL AVENUE,COMMUTER RAIL,TRAIN_NODES,42.27143625585188,-71.09581488515508,POINT (-71.09581488515508 42.27143625585188),9848.0,
261,DEDHAM CORP. CENTER,COMMUTER RAIL,TRAIN_NODES,42.22745595195094,-71.1734631441617,POINT (-71.1734631441617 42.22745595195094),18784.0,
265,ANDOVER,COMMUTER RAIL,TRAIN_NODES,42.658148028383415,-71.14454072277074,POINT (-71.14454072277074 42.65814802838342),39088.0,
269,BALLARDVALE,COMMUTER RAIL,TRAIN_NODES,42.626985291897086,-71.15986460186389,POINT (-71.15986460186389 42.62698529189709),35463.0,
275,FORGE PARK/495,COMMUTER RAIL,TRAIN_NODES,42.08984647326324,-71.43999134938366,POINT (-71.43999134938366 42.08984647326324),48831.0,
277,GLOUCESTER,COMMUTER RAIL,TRAIN_NODES,42.61670619140711,-70.66581685535273,POINT (-70.66581685535273 42.61670619140711),53082.0,
278,HAVERHILL,COMMUTER RAIL,TRAIN_NODES,42.77456026597318,-71.08646942663044,POINT (-71.08646942663044 42.77456026597318),55028.0,
282,LYNN,COMMUTER RAIL,TRAIN_NODES,42.46197533694369,-70.94732925815035,POINT (-70.94732925815035 42.46197533694369),20469.0,
286,WYOMING HILL,COMMUTER RAIL,TRAIN_NODES,42.452026980798,-71.069312788607,POINT (-71.06931278860699 42.452026980798),12421.0,
287,NATICK CENTER,COMMUTER RAIL,TRAIN_NODES,42.28563587557523,-71.347975703966,POINT (-71.347975703966 42.28563587557523),28572.0,
290,WEYMOUTH LANDING/EAST BRAINTREE,COMMUTER RAIL,TRAIN_NODES,42.22186590871483,-70.96696471125203,POINT (-70.96696471125203 42.22186590871483),21815.0,
291,NORTH WILMINGTON,COMMUTER RAIL,TRAIN_NODES,42.56895664640185,-71.15915670296741,POINT (-71.15915670296741 42.56895664640185),28321.0,
292,WEDGEMERE,COMMUTER RAIL,TRAIN_NODES,42.44490348792281,-71.14010093079607,POINT (-71.14010093079607 42.44490348792281),13581.0,
293,ANDERSON/WOBURN,COMMUTER RAIL,TRAIN_NODES,42.51575554413321,-71.14369358400853,POINT (-71.14369358400853 42.51575554413321),22365.0,
294,PLYMOUTH,COMMUTER RAIL,TRAIN_NODES,41.980569782482846,-70.6888860170704,POINT (-70.6888860170704 41.98056978248285),61009.0,
295,LOWELL,COMMUTER RAIL,TRAIN_NODES,42.63645915613906,-71.31503413172172,POINT (-71.31503413172172 42.63645915613906),42824.0,
296,CANTON CENTER,COMMUTER RAIL,TRAIN_NODES,42.156753542523205,-71.14556889332316,POINT (-71.14556889332316 42.15675354252321),25151.0,
300,SOUTH ATTLEBORO,COMMUTER RAIL,TRAIN_NODES,41.89779575439436,-71.35494410949791,POINT (-71.35494410949791 41.89779575439436),85730.0,
301,MANSFIELD,COMMUTER RAIL,TRAIN_NODES,42.03278382374011,-71.21992622320674,POINT (-71.21992622320674 42.03278382374011),39968.0,
302,CANTON JUNCTION,COMMUTER RAIL,TRAIN_NODES,42.16364898479034,-71.1538998073944,POINT (-71.1538998073944 42.16364898479034),24173.0,
305,NORTH BEVERLY,COMMUTER RAIL,TRAIN_NODES,42.58292594334343,-70.88388015134055,POINT (-70.88388015134055 42.58292594334343),35472.0,
306,READVILLE,COMMUTER RAIL,TRAIN_NODES,42.23816470779416,-71.13397938974262,POINT (-71.13397938974262 42.23816470779416),15162.0,
321,WALTHAM,COMMUTER RAIL,TRAIN_NODES,42.37410934367113,-71.23652398346752,POINT (-71.23652398346752 42.37410934367113),18126.0,
322,CONCORD,COMMUTER RAIL,TRAIN_NODES,42.45707305350235,-71.35876783160623,POINT (-71.35876783160623 42.45707305350235),34486.0,
323,LINCOLN,COMMUTER RAIL,TRAIN_NODES,42.414039263432585,-71.32585747309088,POINT (-71.32585747309088 42.41403926343258),28948.0,
324,HASTINGS,COMMUTER RAIL,TRAIN_NODES,42.38584718815791,-71.28916120620144,POINT (-71.28916120620144 42.38584718815791),24634.0,
325,WAVERLEY,COMMUTER RAIL,TRAIN_NODES,42.38763534853575,-71.19059628256672,POINT (-71.19059628256672 42.38763534853575),14009.0,
326,PORTER SQUARE,COMMUTER RAIL,TRAIN_NODES,42.388397572820864,-71.11940725458233,POINT (-71.11940725458233 42.38839757282086),7710.0,
327,LITTLETON/ROUTE 495,COMMUTER RAIL,TRAIN_NODES,42.51929487413543,-71.50248772910989,POINT (-71.50248772910989 42.51929487413543),50530.0,
328,SOUTH ACTON,COMMUTER RAIL,TRAIN_NODES,42.46035517108453,-71.45790442315958,POINT (-71.45790442315958 42.46035517108453),43626.0,
329,WEST CONCORD,COMMUTER RAIL,TRAIN_NODES,42.45707367176413,-71.392724025223,POINT (-71.392724025223 42.45707367176413),37306.0,
330,SILVER HILL,COMMUTER RAIL,TRAIN_NODES,42.39568317703269,-71.3021092532709,POINT (-71.3021092532709 42.39568317703269),,"{'notices': [{'title': 'Routing is not possible due to missing stations in a given range', 'code': 'noStationsFound'}, {'title': 'Route between origin and destination is not possible given current input parameters', 'code': 'noRouteFound'}, {'title': 'This notice is deprecated, see noRouteFound', 'code': 'noRoutesFound'}], 'routes': []}"
331,KENDAL GREEN,COMMUTER RAIL,TRAIN_NODES,42.37977784071721,-71.28321535644922,POINT (-71.28321535644922 42.37977784071721),23275.0,
332,BRANDEIS/ROBERTS,COMMUTER RAIL,TRAIN_NODES,42.3619244444936,-71.26010669404783,POINT (-71.26010669404783 42.3619244444936),20505.0,
333,BELMONT,COMMUTER RAIL,TRAIN_NODES,42.39601733906687,-71.17582300056588,POINT (-71.17582300056588 42.39601733906687),12496.0,
334,NORTH LEOMINSTER,COMMUTER RAIL,TRAIN_NODES,42.54006555237639,-71.73985693037085,POINT (-71.73985693037085 42.54006555237639),75083.0,
336,AYER,COMMUTER RAIL,TRAIN_NODES,42.55906538713207,-71.58864922474248,POINT (-71.58864922474248 42.55906538713207),60030.0,
342,NORWOOD DEPOT,COMMUTER RAIL,TRAIN_NODES,42.1963099139796,-71.19692550404591,POINT (-71.19692550404591 42.1963099139796),22457.0,
343,MISHAWUM,COMMUTER RAIL,TRAIN_NODES,42.50306965588855,-71.13695782078237,POINT (-71.13695782078237 42.50306965588855),21771.0,
345,MALDEN CENTER,COMMUTER RAIL,TRAIN_NODES,42.42658622607523,-71.07425997463095,POINT (-71.07425997463095 42.42658622607523),9184.0,
347,WORCESTER,COMMUTER RAIL,TRAIN_NODES,42.26100830970639,-71.79463670867898,POINT (-71.79463670867898 42.26100830970639),71570.0,
348,MONTELLO,COMMUTER RAIL,TRAIN_NODES,42.10637074585089,-71.02182300366064,POINT (-71.02182300366064 42.10637074585089),30339.0,
349,CAMPELLO,COMMUTER RAIL,TRAIN_NODES,42.06107082722984,-71.01105499820144,POINT (-71.01105499820144 42.06107082722984),35808.0,
351,MIDDLEBOROUGH/LAKEVILLE,COMMUTER RAIL,TRAIN_NODES,41.87747611916436,-70.91736946835863,POINT (-70.91736946835863 41.87747611916436),57172.0,
352,BROCKTON,COMMUTER RAIL,TRAIN_NODES,42.08442899068229,-71.01653493330873,POINT (-71.01653493330873 42.08442899068229),32677.0,
353,HOLBROOK/RANDOLPH,COMMUTER RAIL,TRAIN_NODES,42.155424843328895,-71.02770747479515,POINT (-71.02770747479515 42.15542484332889),30888.0,
354,JFK/UMASS,COMMUTER RAIL,TRAIN_NODES,42.32072588821247,-71.05216104568869,POINT (-71.05216104568869 42.32072588821247),4235.0,
355,NEEDHAM JUNCTION,COMMUTER RAIL,TRAIN_NODES,42.27300524445726,-71.2365713633028,POINT (-71.2365713633028 42.27300524445726),19693.0,
356,NEEDHAM CENTER,COMMUTER RAIL,TRAIN_NODES,42.28023532595592,-71.23785482105872,POINT (-71.23785482105872 42.28023532595592),20544.0,
357,HERSEY,COMMUTER RAIL,TRAIN_NODES,42.27577350236045,-71.21460175387173,POINT (-71.21460175387173 42.27577350236045),17960.0,
358,WEST ROXBURY,COMMUTER RAIL,TRAIN_NODES,42.281521827861376,-71.15981430483126,POINT (-71.15981430483126 42.28152182786138),13904.0,
359,HIGHLAND,COMMUTER RAIL,TRAIN_NODES,42.284801931393154,-71.15422693831918,POINT (-71.15422693831918 42.28480193139315),13219.0,
360,BELLEVUE,COMMUTER RAIL,TRAIN_NODES,42.28658429000856,-71.14547358998007,POINT (-71.14547358998007 42.28658429000856),12688.0,
361,ROSLINDALE VILLAGE,COMMUTER RAIL,TRAIN_NODES,42.28705793738711,-71.13165992185225,POINT (-71.13165992185225 42.28705793738711),10922.0,
364,ROUTE 128,COMMUTER RAIL,TRAIN_NODES,42.21029642508788,-71.14717681521078,POINT (-71.14717681521078 42.21029642508788),18760.0,
370,BACK BAY,COMMUTER RAIL,TRAIN_NODES,42.34766968287676,-71.07510354614429,POINT (-71.07510354614429 42.34766968287676),2484.0,
372,QUINCY CENTER,COMMUTER RAIL,TRAIN_NODES,42.25133419698715,-71.00524766888104,POINT (-71.00524766888104 42.25133419698715),13095.0,
375,RUGGLES,COMMUTER RAIL,TRAIN_NODES,42.33654232448528,-71.08921593829662,POINT (-71.08921593829662 42.33654232448528),3994.0,
0,Boston University Central,GREEN,MBTA_NODES,42.35004075702665,-71.10703612049464,POINT (-71.10703612049464 42.35004075702665),5106.0,
1,Amory Street,GREEN,MBTA_NODES,42.35096616648161,-71.11470750829879,POINT (-71.11470750829879 42.35096616648161),5621.0,
2,Babcock Street,GREEN,MBTA_NODES,42.3515930516766,-71.1199201198467,POINT (-71.1199201198467 42.3515930516766),6104.0,
3,Packards Corner,GREEN,MBTA_NODES,42.35178581335207,-71.12522582972619,POINT (-71.12522582972619 42.35178581335207),7883.0,
4,Harvard Avenue,GREEN,MBTA_NODES,42.35041177481019,-71.13100726113383,POINT (-71.13100726113383 42.35041177481019),7830.0,
5,Griggs Street,GREEN,MBTA_NODES,42.348819512853055,-71.13436462642305,POINT (-71.13436462642305 42.34881951285305),7205.0,
6,Allston Street,GREEN,MBTA_NODES,42.34857609500267,-71.13763680046425,POINT (-71.13763680046425 42.34857609500267),8235.0,
7,Warren Street,GREEN,MBTA_NODES,42.34862364982648,-71.14024039501022,POINT (-71.14024039501022 42.34862364982648),8358.0,
8,Washington Street,GREEN,MBTA_NODES,42.34412328995517,-71.14254885115989,POINT (-71.14254885115989 42.34412328995517),12013.0,
9,Sutherland Road,GREEN,MBTA_NODES,42.341561497974766,-71.14632990186321,POINT (-71.14632990186321 42.34156149797477),12703.0,
10,Chiswick Road,GREEN,MBTA_NODES,42.34061808283791,-71.15095131525393,POINT (-71.15095131525393 42.34061808283791),12027.0,
11,Chestnut Hill Avenue,GREEN,MBTA_NODES,42.33857776881901,-71.15265529729677,POINT (-71.15265529729677 42.33857776881901),12030.0,
12,South Street,GREEN,MBTA_NODES,42.3394540392699,-71.15726165487304,POINT (-71.15726165487304 42.3394540392699),11897.0,
13,Boston College,GREEN,MBTA_NODES,42.340155438663125,-71.16702496371806,POINT (-71.16702496371806 42.34015543866312),12600.0,
14,Cleveland Circle,GREEN,MBTA_NODES,42.33613671489414,-71.14928663073547,POINT (-71.14928663073547 42.33613671489414),8551.0,
15,Englewood Avenue,GREEN,MBTA_NODES,42.33698480426935,-71.1454983930447,POINT (-71.1454983930447 42.33698480426935),8220.0,
16,Dean Road,GREEN,MBTA_NODES,42.33771433525089,-71.14195534190397,POINT (-71.14195534190397 42.33771433525089),7911.0,
17,Tappan Street,GREEN,MBTA_NODES,42.33851881948178,-71.138441384533,POINT (-71.138441384533 42.33851881948178),7605.0,
18,Washington Square,GREEN,MBTA_NODES,42.339327415868944,-71.13536707673275,POINT (-71.13536707673275 42.33932741586894),7360.0,
19,Fairbanks Street,GREEN,MBTA_NODES,42.33964025614935,-71.13129703270397,POINT (-71.13129703270397 42.33964025614934),7557.0,
20,Brandon Hall,GREEN,MBTA_NODES,42.34005363816764,-71.12865720041415,POINT (-71.12865720041415 42.34005363816764),6814.0,
21,Summit Ave/Winchester St,GREEN,MBTA_NODES,42.34102836524752,-71.12578786977899,POINT (-71.12578786977899 42.34102836524752),6516.0,
22,Coolidge Corner,GREEN,MBTA_NODES,42.34214998557562,-71.12129543780442,POINT (-71.12129543780442 42.34214998557562),6143.0,
23,Saint Paul Street,GREEN,MBTA_NODES,42.34321042469037,-71.11718908593329,POINT (-71.11718908593329 42.34321042469037),5788.0,
24,Kent Street,GREEN,MBTA_NODES,42.34401012128091,-71.11429128686976,POINT (-71.11429128686976 42.34401012128091),5530.0,
25,Hawes Street,GREEN,MBTA_NODES,42.34485991616288,-71.11117480120801,POINT (-71.11117480120801 42.34485991616288),5241.0,
26,Saint Marys Street,GREEN,MBTA_NODES,42.34598737155024,-71.10723956448349,POINT (-71.10723956448349 42.34598737155024),4799.0,
27,Fenway,GREEN,MBTA_NODES,42.34515863711736,-71.10460442804983,POINT (-71.10460442804983 42.34515863711736),4684.0,
28,Longwood,GREEN,MBTA_NODES,42.341669116547045,-71.10993456944726,POINT (-71.10993456944726 42.34166911654705),5780.0,
29,Brookline Village,GREEN,MBTA_NODES,42.33259466444778,-71.11682793517372,POINT (-71.11682793517372 42.33259466444778),6403.0,
30,Brookline Hills,GREEN,MBTA_NODES,42.33129459027273,-71.1267274031737,POINT (-71.1267274031737 42.33129459027273),8164.0,
31,Beaconsfield,GREEN,MBTA_NODES,42.33569218472981,-71.14025927261312,POINT (-71.14025927261312 42.33569218472981),8284.0,
32,Reservoir,GREEN,MBTA_NODES,42.335139909036485,-71.14837901822938,POINT (-71.14837901822938 42.33513990903649),12456.0,
33,Chestnut Hill,GREEN,MBTA_NODES,42.32674178162948,-71.16460873449554,POINT (-71.16460873449554 42.32674178162948),11937.0,
34,Newton Centre,GREEN,MBTA_NODES,42.3294154875297,-71.19236980764195,POINT (-71.19236980764195 42.3294154875297),16559.0,
35,Newton Highlands,GREEN,MBTA_NODES,42.32235408060331,-71.20550185798365,POINT (-71.20550185798365 42.32235408060331),18135.0,
36,Eliot,GREEN,MBTA_NODES,42.31897816711644,-71.2165880469504,POINT (-71.21658804695041 42.31897816711644),19273.0,
37,Woodland,GREEN,MBTA_NODES,42.33283282398844,-71.24326789756216,POINT (-71.24326789756216 42.33283282398844),17873.0,
38,Riverside,GREEN,MBTA_NODES,42.33739840813053,-71.25255434001781,POINT (-71.25255434001781 42.33739840813053),18712.0,
39,Downtown Crossing,ORANGE/RED,MBTA_NODES,42.35543397801344,-71.06051209466872,POINT (-71.06051209466872 42.35543397801344),527.0,
40,Park Street,GREEN/RED,MBTA_NODES,42.35620326817115,-71.06230983470068,POINT (-71.06230983470068 42.35620326817115),767.0,
41,JFK/UMass,RED,MBTA_NODES,42.32063650945969,-71.05236076657424,POINT (-71.05236076657424 42.32063650945969),3981.0,
42,State,BLUE/ORANGE,MBTA_NODES,42.35879934320049,-71.05781905424712,POINT (-71.05781905424712 42.35879934320049),1091.0,
43,Roxbury Crossing,ORANGE,MBTA_NODES,42.33086764562735,-71.09600501912232,POINT (-71.09600501912232 42.33086764562735),4944.0,
44,Airport Terminal B2,SILVER,MBTA_NODES,42.36307521090779,-71.01836771345887,POINT (-71.01836771345887 42.36307521090779),7856.0,
45,Design Center,SILVER,MBTA_NODES,42.34458204262589,-71.03460702341447,POINT (-71.03460702341447 42.34458204262589),2717.0,
46,Lenox St,SILVER,MBTA_NODES,42.3351666595186,-71.07854226688733,POINT (-71.07854226688733 42.3351666595186),3097.0,
47,Massachusetts Ave,SILVER,MBTA_NODES,42.33624966790448,-71.07719975835843,POINT (-71.07719975835843 42.33624966790448),2921.0,
48,Newton Street,SILVER,MBTA_NODES,42.33869085304909,-71.07375725814244,POINT (-71.07375725814244 42.33869085304909),2533.0,
49,Union Park Street,SILVER,MBTA_NODES,42.34143480440312,-71.06921600632411,POINT (-71.06921600632411 42.34143480440312),2079.0,
50,East Berkeley Street,SILVER,MBTA_NODES,42.3437744818671,-71.06619602685075,POINT (-71.06619602685075 42.3437744818671),1692.0,
51,Herald Street,SILVER,MBTA_NODES,42.34562558200228,-71.06489500040313,POINT (-71.06489500040313 42.34562558200228),1427.0,
52,Worcester Square,SILVER,MBTA_NODES,42.33755503470711,-71.07539890805542,POINT (-71.07539890805542 42.33755503470711),2736.0,
53,Melnea Cass Blvd,SILVER,MBTA_NODES,42.332701674108414,-71.08119881373594,POINT (-71.08119881373594 42.33270167410841),4759.0,
54,Tuffs Medical Center,SILVER,MBTA_NODES,42.3496106302058,-71.06369205125215,POINT (-71.06369205125215 42.3496106302058),1270.0,
55,Tide St,SILVER,MBTA_NODES,42.34521750186478,-71.03205071907388,POINT (-71.03205071907388 42.34521750186478),2456.0,
56,Harbor St,SILVER,MBTA_NODES,42.3465600173793,-71.03497768717902,POINT (-71.03497768717902 42.3465600173793),2177.0,
57,Airport Terminal B1,SILVER,MBTA_NODES,42.36133964721221,-71.01854353610543,POINT (-71.01854353610543 42.36133964721221),7988.0,
58,Airport Terminal A,SILVER,MBTA_NODES,42.36472556102154,-71.02115393308613,POINT (-71.02115393308613 42.36472556102154),8292.0,
59,Airport Terminal C,SILVER,MBTA_NODES,42.36723629639079,-71.01783243617507,POINT (-71.01783243617507 42.36723629639079),7003.0,
60,Airport Terminal E,SILVER,MBTA_NODES,42.36963803996327,-71.02102932415556,POINT (-71.02102932415556 42.36963803996327),6757.0,
61,Silver Line Way,SILVER,MBTA_NODES,42.34696988830071,-71.03803715091142,POINT (-71.03803715091142 42.34696988830071),1735.0,
62,World Trade Center,SILVER,MBTA_NODES,42.34834151514956,-71.04262947978535,POINT (-71.04262947978535 42.34834151514956),1392.0,
63,Courthouse,SILVER,MBTA_NODES,42.35238493736095,-71.04688863187424,POINT (-71.04688863187424 42.35238493736095),773.0,
64,South Station,SILVER,MBTA_NODES,42.35261630939931,-71.05527658270395,POINT (-71.05527658270395 42.35261630939931),9.0,
65,88 Black Falcon Ave,SILVER,MBTA_NODES,42.34366165465536,-71.0263257356854,POINT (-71.0263257356854 42.34366165465536),4001.0,
66,23 Dry Dock Ave,SILVER,MBTA_NODES,42.34468632312191,-71.03039536915297,POINT (-71.03039536915297 42.34468632312191),2652.0,
67,27 Dry Dock Ave,SILVER,MBTA_NODES,42.34472928524637,-71.02805998136152,POINT (-71.02805998136152 42.34472928524637),2844.0,
68,Boylston,SILVER,MBTA_NODES,42.353370701809695,-71.06419884189829,POINT (-71.06419884189829 42.35337070180969),1096.0,
69,Downtown Crossing,SILVER,MBTA_NODES,42.35480806226478,-71.0611627603346,POINT (-71.0611627603346 42.35480806226478),642.0,
70,Chinatown,SILVER,MBTA_NODES,42.35241526560655,-71.06256816840029,POINT (-71.06256816840029 42.35241526560655),943.0,
71,Nubian,SILVER,MBTA_NODES,42.3297039932669,-71.08371931372102,POINT (-71.08371931372102 42.3297039932669),5185.0,
72,South Station Essex St,SILVER,MBTA_NODES,42.35189858731985,-71.0561270140368,POINT (-71.0561270140368 42.35189858731985),136.0,
73,Northern Ave,SILVER,MBTA_NODES,42.347600648407706,-71.03635388555213,POINT (-71.03635388555213 42.34760064840771),1960.0,
74,Melnea Cass Blvd,SILVER,MBTA_NODES,42.33310536535542,-71.08080190135071,POINT (-71.08080190135071 42.33310536535542),4749.0,
75,Lenox St,SILVER,MBTA_NODES,42.33492922898615,-71.07906038119386,POINT (-71.07906038119386 42.33492922898615),5000.0,
76,Massachusetts Ave,SILVER,MBTA_NODES,42.33632435497544,-71.07730467700864,POINT (-71.07730467700864 42.33632435497544),2921.0,
77,Worcester Square,SILVER,MBTA_NODES,42.33737104690254,-71.07587716429592,POINT (-71.07587716429592 42.33737104690254),2771.0,
78,Newton Street,SILVER,MBTA_NODES,42.33875975519736,-71.07388329912776,POINT (-71.07388329912776 42.33875975519736),2533.0,
79,Union Park Street,SILVER,MBTA_NODES,42.34042085024221,-71.07136914622338,POINT (-71.07136914622338 42.3404208502422),2269.0,
80,East Berkeley Street,SILVER,MBTA_NODES,42.34413393024102,-71.06579486656833,POINT (-71.06579486656833 42.34413393024102),1634.0,
81,Herald Street,SILVER,MBTA_NODES,42.34641169306133,-71.06471962184442,POINT (-71.06471962184442 42.34641169306133),1381.0,
82,Tuffs Medical Center,SILVER,MBTA_NODES,42.34963996318974,-71.0638070556149,POINT (-71.0638070556149 42.34963996318974),1270.0,
83,Black Falcon Ave,SILVER,MBTA_NODES,42.34417140501455,-71.02721502649673,POINT (-71.02721502649673 42.34417140501455),3851.0,
84,Assembly,ORANGE,MBTA_NODES,42.39215591309829,-71.0771253379968,POINT (-71.0771253379968 42.39215591309829),5426.0,
85,Ashmont,RED,MBTA_NODES,42.28388354653573,-71.06343014428334,POINT (-71.06343014428334 42.28388354653573),8731.0,
86,Harvard,RED,MBTA_NODES,42.37402923084171,-71.11890607285167,POINT (-71.11890607285167 42.37402923084171),6015.0,
87,Kendall/MIT,RED,MBTA_NODES,42.36241534494063,-71.08619149362897,POINT (-71.08619149362897 42.36241534494063),2862.0,
88,Capen Street,RED,MBTA_NODES,42.26755305645064,-71.08720482420884,POINT (-71.08720482420884 42.26755305645064),12356.0,
89,Tufts Medical Center,ORANGE,MBTA_NODES,42.34908000685837,-71.06428155130087,POINT (-71.06428155130087 42.34908000685837),1361.0,
90,Waban,GREEN,MBTA_NODES,42.325877716768765,-71.23069341911206,POINT (-71.23069341911206 42.32587771676877),20852.0,
91,Kenmore,GREEN,MBTA_NODES,42.34899686543046,-71.09554476667113,POINT (-71.09554476667113 42.34899686543046),3879.0,
92,Arlington,GREEN,MBTA_NODES,42.35176844680471,-71.07098957216165,POINT (-71.07098957216165 42.35176844680471),1884.0,
93,Copley,GREEN,MBTA_NODES,42.349907595828256,-71.07797545349253,POINT (-71.07797545349253 42.34990759582826),2501.0,
94,Boylston,GREEN,MBTA_NODES,42.35302131572675,-71.06460214049746,POINT (-71.06460214049746 42.35302131572675),1157.0,
95,Chinatown,ORANGE,MBTA_NODES,42.35247413411853,-71.06258053989707,POINT (-71.06258053989707 42.35247413411853),931.0,
96,Haymarket,GREEN/ORANGE,MBTA_NODES,42.36247252030301,-71.05785165728992,POINT (-71.05785165728992 42.36247252030301),1560.0,
97,North Station,GREEN/ORANGE,MBTA_NODES,42.36514376184872,-71.05998293491109,POINT (-71.05998293491109 42.36514376184872),1931.0,
98,Davis,RED,MBTA_NODES,42.39675185636227,-71.12223401928372,POINT (-71.12223401928372 42.39675185636227),8673.0,
99,South Station,RED,MBTA_NODES,42.35259298206998,-71.05517164043283,POINT (-71.05517164043283 42.35259298206998),,"{'notices': [{'title': 'Departure and arrival locations are too close', 'code': 'departureArrivalTooClose'}, {'title': 'Route between origin and destination is not possible given current input parameters', 'code': 'noRouteFound'}, {'title': 'This notice is deprecated, see noRouteFound', 'code': 'noRoutesFound'}], 'routes': []}"
100,Oak Grove,ORANGE,MBTA_NODES,42.43750459735951,-71.07082632876849,POINT (-71.07082632876849 42.43750459735951),10773.0,
101,Malden Center,ORANGE,MBTA_NODES,42.42658098096967,-71.07431521595218,POINT (-71.07431521595218 42.42658098096967),9195.0,
102,Wellington,ORANGE,MBTA_NODES,42.40174005251536,-71.07711743873362,POINT (-71.07711743873362 42.40174005251536),7190.0,
103,Sullivan Square,ORANGE,MBTA_NODES,42.38429741810078,-71.07693157345818,POINT (-71.07693157345818 42.38429741810078),4448.0,
104,Community College,ORANGE,MBTA_NODES,42.37390813278834,-71.07033821609618,POINT (-71.07033821609618 42.37390813278834),3539.0,
105,Lechmere,GREEN,MBTA_NODES,42.37091787252423,-71.07715770709238,POINT (-71.07715770709238 42.37091787252423),3952.0,
106,Science Park/West End,GREEN,MBTA_NODES,42.366742433699294,-71.0677439879553,POINT (-71.0677439879553 42.36674243369929),2375.0,
107,Bowdoin,BLUE,MBTA_NODES,42.36116074813548,-71.06183707177904,POINT (-71.06183707177904 42.36116074813548),1409.0,
108,Government Center,BLUE/GREEN,MBTA_NODES,42.35929659818077,-71.05945866865088,POINT (-71.05945866865088 42.35929659818077),1131.0,
109,Aquarium,BLUE,MBTA_NODES,42.35951696211828,-71.05193843452263,POINT (-71.05193843452263 42.35951696211828),1174.0,
110,Maverick,BLUE,MBTA_NODES,42.36899298085758,-71.03957976452097,POINT (-71.03957976452097 42.36899298085758),2930.0,
111,Airport,BLUE,MBTA_NODES,42.37436270182934,-71.0302245052148,POINT (-71.0302245052148 42.37436270182934),4167.0,
112,Wood Island,BLUE,MBTA_NODES,42.3796474354202,-71.02291228775546,POINT (-71.02291228775546 42.3796474354202),4976.0,
113,Orient Heights,BLUE,MBTA_NODES,42.38684164362619,-71.00479639613563,POINT (-71.00479639613563 42.38684164362619),6594.0,
114,Suffolk Downs,BLUE,MBTA_NODES,42.390496463343545,-70.99714972550416,POINT (-70.99714972550416 42.39049646334355),7486.0,
115,Beachmont,BLUE,MBTA_NODES,42.39725164596775,-70.99253225084686,POINT (-70.99253225084686 42.39725164596775),8264.0,
116,Revere Beach,BLUE,MBTA_NODES,42.40784240427718,-70.99250348685123,POINT (-70.99250348685123 42.40784240427718),9527.0,
117,Wonderland,BLUE,MBTA_NODES,42.41343348615965,-70.99166451390964,POINT (-70.99166451390964 42.41343348615965),10048.0,
118,Alewife,RED,MBTA_NODES,42.39612102791664,-71.1420773119539,POINT (-71.1420773119539 42.39612102791664),10610.0,
119,Porter,RED,MBTA_NODES,42.3883204798638,-71.11911421896355,POINT (-71.11911421896355 42.3883204798638),7647.0,
120,Central,RED,MBTA_NODES,42.365439939109,-71.10382518006278,POINT (-71.10382518006278 42.365439939109),4390.0,
121,Charles/MGH,RED,MBTA_NODES,42.36116762221243,-71.07108060736338,POINT (-71.07108060736338 42.36116762221243),1649.0,
122,Broadway,RED,MBTA_NODES,42.34258168600741,-71.05717003941312,POINT (-71.05717003941312 42.34258168600741),1403.0,
123,Andrew,RED,MBTA_NODES,42.33011322520393,-71.05697754578115,POINT (-71.05697754578115 42.33011322520393),2775.0,
124,Savin Hill,RED,MBTA_NODES,42.3107478247505,-71.05364006133503,POINT (-71.05364006133503 42.3107478247505),5069.0,
125,Fields Corner,RED,MBTA_NODES,42.30000162265039,-71.06192392219717,POINT (-71.06192392219717 42.30000162265038),6707.0,
126,Shawmut,RED,MBTA_NODES,42.29310744989648,-71.06582888832982,POINT (-71.06582888832982 42.29310744989647),7669.0,
127,Cedar Grove,RED,MBTA_NODES,42.27953956675925,-71.06031736232977,POINT (-71.06031736232977 42.27953956675925),9330.0,
128,Butler,RED,MBTA_NODES,42.27241637622499,-71.06246996995522,POINT (-71.06246996995522 42.27241637622499),10198.0,
129,Milton,RED,MBTA_NODES,42.270327108956735,-71.06724190338717,POINT (-71.06724190338717 42.27032710895674),10669.0,
130,Central Avenue,RED,MBTA_NODES,42.26998517356769,-71.07360913867316,POINT (-71.07360913867316 42.26998517356769),11188.0,
131,Valley Road,RED,MBTA_NODES,42.26832588779538,-71.08150365095204,POINT (-71.08150365095204 42.26832588779538),11941.0,
132,Mattapan,RED,MBTA_NODES,42.26751187982788,-71.0925123638194,POINT (-71.0925123638194 42.26751187982788),10731.0,
133,North Quincy,RED,MBTA_NODES,42.27597638029729,-71.03044263936602,POINT (-71.03044263936602 42.27597638029729),10031.0,
134,Wollaston,RED,MBTA_NODES,42.266709771858245,-71.02054283814307,POINT (-71.02054283814307 42.26670977185825),11128.0,
135,Quincy Center,RED,MBTA_NODES,42.25208702635992,-71.00564054323864,POINT (-71.00564054323864 42.25208702635992),13154.0,
136,Quincy Adams,RED,MBTA_NODES,42.23329368973368,-71.00694130297018,POINT (-71.00694130297018 42.23329368973368),15297.0,
137,Braintree,RED,MBTA_NODES,42.20753725735121,-71.0017025430377,POINT (-71.00170254303769 42.20753725735121),19209.0,
138,Forest Hills,ORANGE,MBTA_NODES,42.30077124174296,-71.11419142947183,POINT (-71.11419142947183 42.30077124174296),8581.0,
139,Green Street,ORANGE,MBTA_NODES,42.30989874359757,-71.1080593951544,POINT (-71.1080593951544 42.30989874359756),7417.0,
140,Stony Brook,ORANGE,MBTA_NODES,42.31709979960877,-71.10444126782416,POINT (-71.10444126782416 42.31709979960877),6553.0,
141,Jackson Square,ORANGE,MBTA_NODES,42.323171621557584,-71.09993247620687,POINT (-71.09993247620687 42.32317162155758),5912.0,
142,Ruggles,ORANGE,MBTA_NODES,42.336666151708094,-71.08950957454593,POINT (-71.08950957454593 42.33666615170809),4060.0,
143,Massachusetts Ave,ORANGE,MBTA_NODES,42.34100638647216,-71.08415064979037,POINT (-71.08415064979037 42.34100638647216),3564.0,
144,Back Bay,ORANGE,MBTA_NODES,42.34755909573938,-71.07510604132653,POINT (-71.07510604132653 42.34755909573938),2526.0,
145,Prudential,GREEN,MBTA_NODES,42.34576811139235,-71.08119909208664,POINT (-71.08119909208664 42.34576811139235),2719.0,
146,Symphony,GREEN,MBTA_NODES,42.34272033782988,-71.08494060848427,POINT (-71.08494060848427 42.34272033782988),3481.0,
147,Northeastern,GREEN,MBTA_NODES,42.34005063291582,-71.08965205455883,POINT (-71.08965205455883 42.34005063291582),3883.0,
148,Museum Of Fine Arts,GREEN,MBTA_NODES,42.3379251389995,-71.09497605113634,POINT (-71.09497605113634 42.3379251389995),4356.0,
149,Longwood Medical Area,GREEN,MBTA_NODES,42.33614100894464,-71.09956099897516,POINT (-71.09956099897516 42.33614100894464),4788.0,
150,Brigham Circle,GREEN,MBTA_NODES,42.33457104973988,-71.10372418778329,POINT (-71.10372418778329 42.33457104973988),5358.0,
151,Eastern Ave,SILVER,MBTA_NODES,42.388458099705495,-71.02393379279997,POINT (-71.02393379279997 42.3884580997055),8751.0,
152,Box District,SILVER,MBTA_NODES,42.39411670592333,-71.02846597923909,POINT (-71.02846597923909 42.39411670592333),9373.0,
153,Bellingham Sq,SILVER,MBTA_NODES,42.39540238816468,-71.03346704417102,POINT (-71.03346704417102 42.39540238816468),9922.0,
154,Chelsea,SILVER,MBTA_NODES,42.39680216827558,-71.04039297669804,POINT (-71.04039297669804 42.39680216827558),10393.0,
155,Airport,SILVER,MBTA_NODES,42.37415257731831,-71.0298063287467,POINT (-71.0298063287467 42.37415257731831),3993.0,
156,Fenwood Road,GREEN,MBTA_NODES,42.33374540645179,-71.10564567075349,POINT (-71.10564567075349 42.33374540645179),5727.0,
157,Mission Park,GREEN,MBTA_NODES,42.33317940922027,-71.1095849635522,POINT (-71.10958496355219 42.33317940922027),5792.0,
158,Riverway,GREEN,MBTA_NODES,42.33197800782085,-71.1119506665,POINT (-71.11195066649999 42.33197800782085),6068.0,
159,Back Of The Hill,GREEN,MBTA_NODES,42.32963825048141,-71.11107040791865,POINT (-71.11107040791865 42.32963825048141),6386.0,
160,Heath Street,GREEN,MBTA_NODES,42.32831128444417,-71.11028101742203,POINT (-71.11028101742203 42.32831128444417),6498.0,
161,Hynes Convention Center,GREEN,MBTA_NODES,42.34798228513085,-71.0873145576371,POINT (-71.0873145576371 42.34798228513085),3257.0,
162,Blandford Street,GREEN,MBTA_NODES,42.34919807685945,-71.1000555872087,POINT (-71.1000555872087 42.34919807685945),4369.0,
163,Boston University East,GREEN,MBTA_NODES,42.34972114226152,-71.10442793966416,POINT (-71.10442793966416 42.34972114226152),4731.0,
